Category,2002,2020,Growth_pct,Growth_diff
Total Revenue,12851.58972035985,16064.67478919852,0.2500146004309809,3213.085068838669
Total Benefits,1907.1058573747227,3405.7052937681515,0.7857977209803999,1498.5994363934287
Enrollment,47168335,48008676,0.01781578679849516,840341
Total Staff,5904195,6683301.56,0.1319581348515757,779106.5599999996
Non-Teachers,2904667,3485131.9299999997,0.19983871817320176,580464.9299999997
Teachers,2999528,3198169.63,0.06622429595589696,198641.6299999999
Salary Adj,64522.2728873672,64133,-0.006033155218303166,-389.2728873672022
